Date,Close/Last,Volume,Open,High,Low,Day
45712,404,26443660,408,409,399,1
45709,408,27524800,417,418,407,2
45708,416,23508730,415,419,412,3
45707,414,24114200,407,415,407,4
45706,409,21423050,408,410,406,5
45702,408,22758460,407,408,405,6
45701,410,23891730,407,411,406,7
45700,409,19121730,407,410,404,8
45699,411,18140590,409,412,409,9
45698,412,20817920,413,415,410,10
45695,409,22886840,416,418,408,11
45694,415,16309760,414,418,414,12
45693,413,16336190,412,413,410,13
45692,412,20532100,412,413,409,14
45691,410,25679150,411,415,408,15
45688,415,34223390,418,420,414,16
45687,414,54586260,418,422,413,17
45686,442,23581370,446,446,440,18
45685,447,23491700,434,448,431,19
45684,434,35647810,424,435,423,20
45681,444,15549450,445,446,441,21
45680,446,18389270,442,446,441,22
45679,446,27803810,437,447,436,23
45678,428,26085700,430,430,425,24
45674,429,26197510,434,434,428,25
45673,424,15300020,428,429,424,26
45672,426,19637840,419,428,418,27
45671,415,16935860,417,419,410,28
45670,417,17604780,415,418,412,29
45667,418,20201130,424,424,415,30
45665,424,15054580,423,426,421,31
45664,422,18139070,429,430,420,32
45663,427,20573650,428,434,425,33
45660,423,16662940,421,424,419,34
45659,418,16896470,425,426,414,35
45657,421,13246510,426,426,420,36
45656,424,13158700,426,427,421,37
45653,430,18117710,434,435,426,38
45652,438,8199927,439,440,436,39
45650,439,7164543,434,439,434,40
45649,435,19152520,436,437,432,41
45646,436,64263690,433,443,428,42
45645,437,22963680,441,443,436,43
45644,437,24444550,451,452,437,44
45643,454,22733490,451,455,449,45
45642,451,23598830,447,452,445,46
45639,447,20177830,448,451,445,47
45638,449,20834780,449,456,449,48
45637,448,19200210,444,450,444,49
45636,443,18469460,444,449,441,50
45635,446,19144390,442,448,440,51
45632,443,18821000,442,446,441,52
45631,442,21697780,437,444,436,53
45630,437,26009430,433,439,432,54
45629,431,18301990,429,432,427,55
45628,430,20207220,421,433,421,56
45625,423,16271920,420,424,417,57
45623,422,18332440,425,427,422,58
45622,427,23458890,419,429,418,59
45621,418,27691090,418,421,414,60
45618,417,24814630,411,417,411,61
45617,412,20780160,419,419,410,62
45616,415,19191660,416,417,410,63
45615,417,18133530,413,417,411,64
45614,415,24742010,414,418,412,65
45611,415,28247640,419,422,413,66
45610,426,30246880,425,428,420,67
45609,425,21502190,421,429,418,68
45608,423,19401200,418,424,417,69
45607,418,24503320,422,424,416,70
45604,422,16891410,425,426,421,71
45603,425,19901780,421,426,419,72
45602,420,26681840,412,420,410,73
45601,411,17626010,408,414,408,74
45600,408,19672290,409,410,405,75
45597,410,24230440,409,415,407,76
45596,406,53970980,415,416,406,77
45595,432,29749150,437,438,432,78
45594,431,17644080,428,433,425,79
45593,426,14882440,431,431,426,80
45590,428,16899060,426,432,426,81
45589,424,13581630,425,425,422,82
45588,424,19654380,430,431,422,83
45587,427,25482200,418,430,418,84
45586,418,14206120,416,418,413,85
45583,418,17145320,417,419,416,86
45582,416,14820000,422,422,415,87
45581,416,15508930,415,416,410,88
45580,418,18900200,422,422,415,89
45579,419,16653090,417,424,417,90
45576,416,14144940,416,417,413,91
45575,415,13848380,415,417,413,92
45574,417,14974260,415,420,414,93
45573,414,19229260,410,415,408,94
45572,409,20919760,416,417,409,95
45569,416,19190910,418,419,414,96
45568,416,13686420,417,419,414,97
45567,417,16582260,422,422,416,98
45566,420,19092950,428,428,418,99
45565,430,16854610,428,430,425,100
45562,428,14896130,431,431,427,101
45561,431,14492040,435,435,429,102
45560,432,13396360,429,433,428,103
45559,429,17015750,433,433,426,104
45558,433,15128890,434,436,430,105
45555,435,55167110,437,439,434,106
45554,438,21706560,441,441,436,107
45553,430,18898040,435,436,430,108
45552,435,18874230,440,441,432,109
45551,431,13834700,430,433,428,110
45548,430,15874560,425,431,425,111
45547,427,17418760,423,427,419,112
45546,423,19266920,415,423,409,113
45545,414,19594290,408,416,407,114
45544,405,15295130,407,408,402,115
45541,401,19609530,409,410,400,116
45540,408,14195520,407,413,406,117
45539,408,15135810,405,411,404,118
45538,409,20313600,417,419,407,119
45534,417,24308320,415,417,412,120
45533,413,17045240,414,422,410,121
45532,410,14882660,414,415,407,122
45531,413,13492910,412,414,410,123
45530,413,13152830,416,417,411,124
45527,416,18493780,416,419,412,125
45526,415,19361900,424,426,414,126
45525,424,16067300,424,426,421,127
45524,424,16387580,421,425,421,128
45523,421,15233960,418,421,416,129
45520,418,22775590,420,421,417,130
45519,421,20752140,419,421,417,131
45518,416,18266980,414,417,412,132
45517,414,19414270,409,414,409,133
45516,406,16762880,407,408,404,134
45513,406,19276670,404,408,402,135
45512,402,20203030,402,405,399,136
45511,398,20650910,408,410,397,137
45510,399,24946530,400,405,398,138
45509,395,40709240,389,401,385,139
45506,408,29437900,412,415,404,140
45505,417,30296400,420,427,413,141
45504,418,42891370,420,421,412,142
45503,422,32687580,427,429,417,143
45502,426,15125840,431,432,424,144
45499,425,23583840,418,428,417,145
45498,418,29943800,428,429,417,146
45497,428,26805800,440,441,427,147
45496,444,13107050,443,448,443,148
45495,442,15808760,441,444,438,149
45492,437,20940420,433,441,432,150
45491,440,20794820,444,444,434,151
45490,443,21754020,442,444,439,152
45489,449,17175680,454,454,446,153
45488,453,14429450,453,457,451,154
45485,453,16324270,454,456,450,155
45484,454,23111180,462,464,451,156
45483,466,18196100,461,466,458,157
45482,459,17228510,467,467,458,158
45481,466,12962320,466,467,464,159
45478,467,16000290,459,468,458,160
45476,460,9932830,458,461,457,161
45475,459,13979780,453,459,453,162
45474,456,17662820,448,457,445,163
45471,446,28362270,453,455,446,164
45470,452,14806320,452,456,451,165
45469,452,16507030,449,453,448,166
45468,450,16747530,448,451,446,167
45467,447,15913720,449,452,446,168
45464,449,34486170,447,450,446,169
45463,445,19877380,446,446,441,170
45461,446,17112500,449,450,444,171
45460,448,20790030,442,450,440,172
45457,442,13581990,438,443,436,173
45456,441,15960570,440,443,439,174
45455,441,22366230,435,443,433,175
45454,432,14551100,425,432,425,176
45453,427,14003030,424,428,423,177
45450,423,13621650,426,426,423,178
45449,424,14861250,424,425,420,179
45448,424,16988040,417,424,416,180
45447,416,14348920,412,416,409,181
45446,413,17484680,415,416,408,182
45443,415,47995250,416,416,404,183
45442,414,28424850,424,424,414,184
45441,429,15517130,425,430,425,185
45440,430,15718020,429,430,426,186
45436,430,11855290,427,431,424,187
45435,427,17211690,432,433,425,188
45434,430,18073700,430,432,427,189
45433,429,21453260,426,432,424,190
45432,425,16272140,420,426,419,191
45429,420,15352240,422,422,418,192
45428,420,17530050,421,425,420,193
45427,423,22239530,417,423,417,194
45426,416,15109310,412,417,411,195
45425,413,15440230,418,418,410,196
45422,414,13402280,412,415,411,197
45421,412,14689730,410,412,409,198
45420,410,11792310,408,412,406,199
45419,409,20018230,414,414,409,200
45418,413,16996640,408,413,406,201
45415,406,17446720,402,407,401,202
45414,397,17709360,397,399,394,203
45413,394,23562480,392,401,390,204
45412,389,28781370,401,402,389,205
45411,402,19582090,405,406,399,206
45408,406,29694650,412,413,405,207
45407,399,40586450,394,399,388,208
45406,409,15065330,409,412,406,209
45405,407,15734500,404,408,403,210
45404,400,20286880,400,402,395,211
45401,399,30565790,404,405,397,212
45400,404,21029920,410,411,403,213
45399,411,15855490,417,418,410,214
45398,414,16765620,414,418,413,215
45397,413,20273540,426,426,413,216
45394,421,19253750,424,425,419,217
45393,427,17966420,425,429,422,218
45392,423,16216580,422,424,419,219
45391,426,12512290,426,427,421,220
45390,424,14272390,425,427,423,221
45387,425,16554760,420,426,418,222
45386,417,19370880,424,428,417,223
45385,420,16502260,419,423,419,224
45384,421,17911990,420,422,417,225
45383,424,16315960,423,427,422,226
45379,420,21871160,420,421,419,227
45378,421,16704980,424,424,419,228
45377,421,16725650,425,425,421,229
45376,422,18060450,425,427,421,230
45373,428,17648470,429,429,426,231
45372,429,21296220,429,430,427,232
45371,425,17860090,422,425,420,233
45370,421,19837920,417,421,415,234
45369,417,20105980,414,420,413,235
45366,416,45079900,419,422,412,236
45365,425,34157300,420,427,417,237
45364,415,17115930,418,418,411,238
45363,415,22457000,407,415,406,239
45362,404,16120750,403,405,401,240
45359,406,18002190,407,410,404,241
45358,409,18718480,406,409,402,242
45357,402,22344150,402,405,398,243
45356,402,26919180,413,414,400,244
45355,414,17595960,413,417,412,245
45352,415,17823450,411,415,410,246
45351,413,31947260,408,414,405,247
45350,407,13183130,408,409,405,248
45349,407,14835830,407,408,403,249
45348,407,16193510,411,412,407,250
45345,410,16295880,415,415,408,251
45344,411,27009870,410,412,408,252
45343,402,18631070,400,402,397,253
45342,402,24307920,403,404,398,254
45338,404,22296500,407,408,403,255
45337,406,21825530,408,409,404,256
45336,409,20401190,408,409,404,257
45335,406,27824940,404,410,403,258
45334,415,21202920,420,420,414,259
45331,420,22032840,415,420,415,260
45330,414,21225260,414,415,412,261
45329,414,22340530,407,414,407,262
45328,405,18382620,405,407,402,263
45327,405,25352290,409,411,403,264
45324,411,28256670,403,412,403,265
45323,403,30657730,401,408,401,266
45322,397,47871100,406,415,397,267
45321,408,33477610,412,413,406,268
45320,409,24510240,406,409,404,269
45317,403,17803270,404,406,402,270
45316,404,21021160,404,407,402,271
45315,402,24866950,401,405,400,272
45314,398,20525880,395,399,393,273
45313,396,27016900,400,400,393,274
45310,398,29331140,395,398,393,275
45309,393,23392070,391,393,390,276
45308,389,22234110,387,390,384,277
45307,390,27202270,393,394,387,278
45303,388,21661150,385,388,384,279
45302,384,27850850,386,390,380,280
45301,382,25514250,376,384,376,281
45300,375,20829950,372,375,371,282
45299,374,23133970,369,375,369,283
45296,367,21004580,368,372,366,284
45295,367,20901500,370,373,367,285
45294,370,23083470,369,373,368,286
45293,370,25258630,373,375,366,287
45289,376,18730840,376,377,373,288
45288,375,14327010,375,376,374,289
45287,374,14905410,373,375,372,290
45286,374,12673050,375,376,373,291
45282,374,17107480,373,375,372,292
45281,373,17708010,372,374,370,293
45280,370,26316650,375,376,370,294
45279,373,20603660,371,373,369,295
45278,372,21802880,369,373,368,296
45275,370,78502320,366,372,366,297
45274,365,43277460,373,373,364,298
45273,374,30955530,376,377,370,299
45272,374,24838250,370,374,370,300
45271,371,27708760,368,371,366,301
45268,374,20154370,369,374,368,302
45267,370,23118860,368,371,366,303
45266,368,21182070,373,374,368,304
45265,372,23065040,366,373,365,305
45264,369,32063310,369,369,362,306
45261,374,33040470,376,378,371,307
45260,378,30554420,378,380,375,308
45259,378,28963400,383,384,377,309
45258,382,20453110,378,383,378,310
45257,378,22179230,376,380,376,311
45254,377,10176650,377,377,375,312
45252,377,23361180,378,379,374,313
45251,373,28423150,375,376,371,314
45250,377,52528960,371,378,371,315
45247,369,40325370,373,374,367,316
45246,376,27182320,370,376,370,317
45245,369,26860100,371,373,367,318
45244,370,27683860,371,371,367,319
45243,366,19986510,368,368,365,320
45240,369,28065160,361,370,361,321
45239,360,24847330,362,364,360,322
45238,363,26767830,361,363,360,323
45237,360,25833930,359,362,357,324
45236,356,23828300,353,357,353,325
45233,352,23637670,349,354,347,326
45232,348,24348070,347,348,344,327
45231,346,28158820,339,347,339,328
45230,338,20265280,338,339,334,329
45229,337,22828080,333,339,331,330
45226,329,29856520,330,336,328,331
45225,327,37828540,340,341,326,332
45224,340,55053830,345,346,337,333
45223,330,31153570,331,331,327,334
45222,329,24374750,325,332,324,335
45219,326,25027720,331,331,325,336
45218,331,25052070,332,336,330,337
45217,330,23153600,332,335,328,338
45216,332,18338520,329,333,327,339
45215,332,22158050,331,336,330,340
45212,327,21085700,332,333,326,341
45211,331,19313100,330,333,328,342
45210,332,20063250,331,332,329,343
45209,328,20557090,330,331,327,344
45208,329,19891180,324,330,323,345
45205,327,25673630,316,329,316,346
45204,319,16965630,319,319,314,347
45203,318,20720140,314,320,314,348
45202,313,21033490,320,321,311,349
45201,321,20570010,316,321,315,350
45198,315,24147300,317,319,314,351
45197,313,19683560,310,315,309,352
45196,312,19410080,312,314,309,353
45195,312,26297570,315,315,310,354
45194,317,17835960,316,317,315,355
45191,317,21447890,321,321,316,356
45190,319,35560360,319,325,315,357
45189,320,21436530,329,329,320,358
45188,328,16514490,326,329,324,359
45187,329,16834210,327,330,326,360
45184,330,37679790,336,337,329,361
45183,338,20267050,339,340,336,362
45182,336,16544410,331,336,331,363
45181,331,17565480,335,336,331,364
45180,337,16583320,337,338,335,365
45177,334,19548170,330,336,329,366
45176,329,18381000,331,333,329,367
45175,332,17535770,333,334,330,368
45174,333,18553860,329,334,328,369
45170,328,14942020,331,331,326,370
45169,327,26410950,329,330,326,371
45168,328,15222110,328,329,326,372
45167,328,19284590,321,328,321,373
45166,323,14808480,325,326,321,374
45163,322,21684100,321,325,318,375
45162,319,23281430,332,332,319,376
45161,327,21166380,323,329,323,377
45160,322,16102020,325,326,321,378
45159,321,24039960,317,322,317,379
45156,316,24755010,314,318,311,380
45155,316,21257160,320,321,316,381
45154,320,20698860,320,324,319,382
45153,321,16966290,323,325,320,383
45152,324,18836140,321,324,320,384
45149,321,24355490,320,322,319,385
45148,322,20113730,326,328,321,386
45147,322,22373270,326,327,321,387
45146,326,22327570,326,328,323,388
45145,330,17741530,328,331,327,389
45142,327,23741480,331,335,327,390
45141,326,18360350,326,329,325,391
45140,327,27761260,333,333,326,392
45139,336,18381250,335,338,333,393
45138,335,25446020,336,337,333,394
45135,338,28484870,333,340,333,395
45134,330,39635260,340,341,329,396
45133,337,58383700,341,344,333,397
45132,350,41637740,347,351,345,398
45131,345,26719210,345,346,342,399
45128,343,69405380,349,350,339,400
45127,346,33778400,353,357,345,401
45126,355,39732900,361,362,352,402
45125,359,64872710,345,366,342,403
45124,345,20363930,345,346,342,404
45121,345,28352730,347,351,344,405
45120,342,20567160,339,343,339,406
45119,337,29995260,336,341,335,407
45118,332,26698220,331,332,327,408
45117,331,32791450,334,335,327,409
45114,337,21214820,339,341,337,410
45113,341,28195530,337,342,335,411
45112,338,18172380,335,341,334,412
45110,337,12484240,339,340,336,413
45107,340,26832760,337,342,337,414
45106,335,16997040,334,336,332,415
45105,335,20259520,334,337,333,416
45104,334,24354110,331,336,329,417
45103,328,21520580,333,336,328,418
45100,335,23146900,334,337,333,419
45099,339,23556760,334,340,333,420
45098,333,25117800,336,337,332,421
45097,338,26375410,339,342,335,422
45093,342,46551990,351,351,341,423
45092,348,38899080,337,349,337,424
45091,337,26003790,334,339,332,425
45090,334,22951280,334,336,330,426
45089,331,24306750,328,332,325,427
45086,326,22528950,324,329,324,428
45085,325,23277710,323,326,323,429
45084,323,40717130,331,334,322,430
45083,333,20396220,335,335,332,431
45082,335,21307050,335,338,334,432
45079,335,25873770,334,337,332,433
45078,332,26773850,325,333,324,434
45077,328,45950550,332,335,327,435
45076,331,29503070,335,335,330,436
45072,332,36630630,324,333,323,437
45071,325,43301740,323,326,320,438
45070,313,23384890,314,316,312,439
45069,315,30797170,320,322,315,440
45068,321,24115660,318,322,318,441
45065,318,27546700,316,318,316,442
45064,318,27275990,314,319,313,443
45063,314,24315010,312,314,310,444
45062,311,26730350,309,313,309,445
45061,309,16336550,309,309,307,446
45058,308,19774700,310,310,306,447
45057,310,31680180,310,311,306,448
45056,312,30078040,308,313,307,449
45055,307,21340830,308,310,306,450
45054,308,21318610,310,310,306,451
45051,310,28197050,305,311,304,452
45050,305,22519910,306,307,303,453
45049,304,22360750,306,308,304,454
45048,305,26404430,307,309,303,455
45047,305,21294120,306,308,305,456
45044,307,36469610,304,308,303,457
45043,304,46462640,295,305,295,458
45042,295,64599180,296,299,292,459
45041,275,45772240,279,281,275,460
45040,281,26611010,282,284,278,461
45037,285,21676390,285,286,283,462
45036,286,23244360,285,289,285,463
45035,288,17150270,285,289,284,464
45034,288,20161850,291,291,287,465
45033,288,23836220,289,291,286,466
45030,286,20987920,287,288,283,467
45029,289,24222680,283,289,283,468
45028,283,27403430,284,287,281,469
45027,282,27276590,285,285,281,470
45026,289,23102990,289,289,284,471
45022,291,29770330,283,292,282,472
45021,284,22064770,285,287,282,473
45020,287,25824300,287,290,285,474
45019,287,24883340,286,288,283,475
45016,288,32765980,283,289,283,476
45015,284,25053410,284,284,281,477
45014,280,25087030,278,281,278,478
45013,275,21878650,275,276,272,479
45012,276,26840210,280,281,275,480
45009,280,28199960,277,280,275,481
45008,277,36610880,277,281,275,482
45007,272,34873330,273,281,272,483
45006,273,34558700,274,275,269,484
45005,272,43466650,276,277,269,485
45002,279,69527370,278,283,276,486
45001,276,54832140,265,276,263,487
45000,265,46028050,259,266,259,488
44999,260,33620290,256,261,255,489
44998,253,33339720,247,257,245,490
44995,248,28333930,251,252,247,491
44994,252,26653390,255,259,251,492
44993,253,17340220,254,254,250,493
44992,254,21473180,256,257,253,494
44991,256,24109850,256,260,255,495
44988,255,30760140,252,255,251,496
44987,251,24833650,246,251,245,497
44986,246,27565260,250,250,245,498
44985,249,22490950,249,251,248,499
44984,250,21190040,252,252,249,500
44981,249,24990910,249,251,248,501
44980,254,29219100,255,256,250,502
44979,251,22491060,254,254,250,503
44978,252,28397440,254,255,251,504
44974,258,30000060,259,260,256,505
44973,262,29603620,264,266,261,506
44972,269,28962160,268,270,266,507
44971,272,37047920,272,274,269,508
44970,271,44630920,267,274,267,509
44967,263,25818490,261,264,260,510
44966,263,42375100,273,273,262,511
44965,266,54686050,273,276,266,512
44964,267,50841370,260,268,260,513
44963,256,22518000,257,258,254,514
44960,258,29077260,259,264,257,515
44959,264,39940440,258,264,257,516
44958,252,31259910,248,255,245,517
44957,247,26541070,243,247,242,518
44956,242,25867370,244,245,242,519
44953,248,26498940,248,249,246,520
44952,248,33454490,243,248,242,521
44951,240,66526640,234,243,230,522
44950,242,40234440,242,243,240,523
44949,242,31933950,241,245,239,524
44946,240,35389810,234,240,234,525
44945,231,28623030,233,235,230,526
44944,235,30028690,241,242,235,527
44943,240,29831260,237,240,237,528
44939,239,21333270,237,239,234,529
44938,238,27269490,235,239,233,530
44937,235,28669330,231,235,231,531
44936,228,27033880,227,231,227,532
44935,227,27369780,226,231,226,533
44932,224,43613570,223,225,219,534
44931,222,39585620,227,227,221,535
44930,229,50623390,232,232,225,536
44929,239,25740040,243,245,237,537
44925,239,21938470,238,239,236,538
44924,241,19770690,235,241,235,539
44923,234,17457100,236,239,234,540
44922,236,16688650,238,238,235,541
44918,238,21206980,236,238,233,542
44917,238,28651660,241,241,233,543
44916,244,23690610,241,245,240,544
44915,241,25150800,239,242,238,545
44914,240,29696440,244,245,238,546
44911,244,86101990,248,249,243,547
44910,249,35568090,253,254,247,548
44909,257,35410930,257,262,254,549
44908,256,42196880,261,263,253,550
44907,252,30665070,247,252,247,551
44904,245,20609740,244,248,244,552
44903,247,22611760,244,248,243,553
44902,244,20481520,244,246,242,554
44901,245,22463730,250,251,243,555
44900,250,23435290,252,253,248,556
44897,255,21528520,249,256,249,557
44896,254,26041520,253,256,250,558
44895,255,47594240,240,255,239,559
44894,240,17956310,241,242,238,560
44893,241,24810270,246,246,240,561
44890,247,9200772,247,248,246,562
44888,247,19508460,245,248,244,563
44887,245,19665700,243,245,240,564
44886,242,26394700,241,244,241,565
44883,241,27613520,243,243,239,566
44882,241,23123540,237,243,237,567
44881,241,24093270,242,243,240,568
44880,241,31390120,245,247,240,569
44879,241,31123340,241,243,239,570
44876,247,34620250,242,247,241,571
44875,242,46268020,235,243,235,572
44874,224,27852910,227,228,224,573
44873,228,28192550,228,231,225,574
44872,227,33497980,221,228,221,575
44869,221,36789060,217,221,213,576
44868,214,36633920,220,220,213,577
44867,220,38407010,229,231,220,578
44866,228,30592270,234,235,227,579
44865,232,28357270,233,234,231,580
44862,235,40647720,226,236,226,581
44861,226,40424650,231,233,225,582
44860,231,82684850,231,238,230,583
44859,250,34775510,247,251,245,584
44858,247,24911210,243,247,241,585
44855,242,26299730,234,243,234,586
44854,236,21811020,235,241,234,587
44853,236,19985700,237,239,234,588
44852,238,26329590,243,243,235,589
44851,237,28142270,235,238,235,590
44848,228,30198590,235,237,228,591
44847,234,42551820,219,236,219,592
44846,225,21903940,225,227,223,593
44845,225,30473950,227,229,224,594
44844,229,29743610,233,234,226,595
44841,234,37769600,240,241,233,596
44840,246,20239890,247,250,246,597
44839,249,20347140,245,250,244,598
44838,248,34888420,245,250,244,599
44837,240,28880360,235,241,234,600
44834,232,35694830,238,240,232,601
44833,237,27484230,238,239,234,602
44832,241,29029680,236,242,234,603
44831,236,27018730,239,241,234,604
44830,237,27694190,237,241,236,605
44827,237,34176050,239,241,235,606
44826,240,31061160,237,243,237,607
44825,238,28625560,244,247,238,608
44824,242,26660300,242,243,239,609
44823,244,26826930,242,245,240,610
44820,244,39791770,244,245,242,611
44819,245,31530950,249,251,244,612
44818,252,23912950,253,254,249,613
44817,251,33353320,258,260,251,614
44816,266,18747690,265,267,265,615
44813,264,22093190,260,265,260,616
44812,258,20319910,257,260,254,617
44811,258,24126700,254,258,253,618
44810,253,21328240,256,257,251,619
44806,256,22855380,261,264,254,620
44805,260,23263430,258,260,255,621
44804,261,24791830,265,267,261,622
44803,262,22767070,266,267,260,623
44802,265,20338540,265,267,263,624
44799,268,27549310,279,280,267,625
44798,278,16583410,277,279,274,626
44797,275,18137020,275,277,275,627
44796,276,17527410,276,278,275,628
44795,277,25061070,282,282,277,629
44792,286,20570030,288,289,285,630
44791,290,17186190,290,291,289,631
44790,291,18253360,289,293,289,632
44789,292,18102880,291,294,290,633
44788,293,18085650,291,294,290,634
44785,291,22619680,288,291,286,635
44784,287,20065940,290,291,286,636
44783,289,24687850,288,289,286,637
44782,282,23405240,279,283,277,638
44781,280,18757820,284,285,279,639
44778,282,16774610,279,283,278,640
44777,283,18098670,281,283,280,641
44776,282,23518870,276,283,276,642
44775,274,22754180,276,277,272,643
44774,278,21539580,277,281,275,644
44771,280,32152750,277,282,276,645
44770,276,33459330,269,277,267,646
44769,268,45994050,261,270,258,647
44768,251,39347960,259,259,249,648
44767,258,21056000,261,261,256,649
44764,260,21881290,265,265,259,650
44763,264,22404680,259,264,257,651
44762,262,22788280,259,264,258,652
44761,259,25012560,257,259,253,653
44760,254,20975030,259,260,253,654
44757,256,29774050,255,260,254,655
44756,254,25102820,250,255,245,656
44755,252,29497420,250,253,248,657
44754,253,35868450,265,265,252,658
44753,264,19519110,265,266,262,659
44750,267,19658750,264,268,263,660
44749,268,20859870,265,269,265,661
44748,266,23824420,263,267,262,662
44747,262,22971630,256,262,254,663
44743,259,22837690,256,259,254,664
44742,256,31730870,257,259,252,665
44741,260,20069840,257,261,255,666
44740,256,27380250,263,266,256,667
44739,264,24615110,268,268,263,668
44736,267,33923230,261,267,261,669
44735,258,25861450,255,259,253,670
44734,253,25961220,251,257,250,671
44733,253,29928300,250,254,249,672
44729,247,43084780,244,250,244,673
44728,244,33169160,245,247,243,674
44727,251,33111730,248,255,246,675
44726,244,28651490,243,245,241,676
44725,242,46135790,245,249,241,677
44722,252,31445840,260,260,252,678
44721,264,26439730,267,272,264,679
44720,270,17372340,271,273,269,680
44719,272,22860680,266,273,265,681
44718,268,22400340,272,274,267,682
44715,270,28058960,270,273,268,683
44714,274,44008210,264,274,261,684
44713,272,25292170,275,277,270,685
44712,271,37827700,272,274,268,686
44708,273,26910810,268,273,267,687
44707,265,25002110,262,267,261,688
44706,262,28547950,258,264,257,689
44705,259,29043900,257,261,253,690
44704,260,33175380,255,261,253,691
44701,252,39199280,257,258,246,692
44700,253,32692290,253,257,251,693
44699,254,31355990,263,263,252,694
44698,266,28828800,266,268,262,695
44697,261,32550930,259,265,255,696
44694,261,34925090,257,263,255,697
44693,255,51033800,257,259,250,698
44692,260,48975900,265,271,259,699
44691,269,39336420,271,273,265,700
44690,264,47725950,270,272,263,701
44687,274,37780320,274,279,271,702
44686,277,43260390,285,286,274,703
44685,289,33599320,282,290,276,704
44684,281,25978610,283,284,280,705
44683,284,35151110,277,284,276,706
44680,277,37073920,288,289,276,707
44679,289,33646570,285,290,281,708
44678,283,63477690,282,290,279,709
44677,270,46518450,277,278,270,710
44676,280,35678850,273,281,270,711
44673,274,29405800,281,283,273,712
44672,280,29454590,288,293,280,713
44671,286,22906670,289,289,285,714
44670,285,22297720,279,286,278,715
44669,280,20778000,278,282,278,716
44665,279,28221610,288,288,279,717
44664,287,21907180,282,288,281,718
44663,282,30966720,289,290,280,719
44662,285,34569260,291,292,285,720
44659,296,24361920,300,301,296,721
44658,301,31411160,296,303,296,722
44657,299,40110370,305,307,296,723
44656,310,23156720,313,314,309,724
44655,314,24335870,310,315,309,725
44652,309,27110530,309,310,305,726
44651,308,33422070,313,315,307,727
44650,313,28163560,313,315,311,728
44649,315,30393400,313,315,309,729
44648,310,29578190,304,310,304,730
44645,303,22566450,305,305,299,731
44644,304,24484460,299,304,298,732
44643,299,25715380,300,303,297,733
44642,304,27599690,299,305,298,734
44641,299,28351250,298,300,294,735
44638,300,43390630,295,301,292,736
44637,295,30816630,293,295,289,737
44636,294,37826330,289,294,283,738
44635,287,34245090,280,287,278,739
44634,276,30660750,280,285,275,740
44631,280,27209330,287,289,279,741
44630,285,30628010,283,286,280,742
44629,288,35204480,283,289,280,743
44628,275,48159480,277,283,270,744
44627,278,43157180,288,289,278,745
44624,289,32369660,294,295,287,746
44623,295,27314470,302,303,294,747
44622,300,31873010,295,301,293,748
44621,294,31217780,296,299,292,749
44620,298,34627460,294,299,293,750
44617,297,32546720,295,297,291,751
44616,294,56989690,272,295,271,752
44615,280,37811170,290,291,280,753
44614,287,41736120,285,291,284,754
44610,287,34264010,293,293,286,755
44609,290,32461580,296,296,290,756
44608,299,29982120,298,300,293,757
44607,300,27379490,300,300,297,758
44606,295,36359490,293,296,291,759
44603,295,39175620,303,304,294,760
44602,302,45386200,304,309,300,761
44601,311,31284670,309,311,307,762
44600,304,32421190,301,305,299,763
44599,300,28533290,306,307,299,764
44596,305,35096490,300,308,299,765
44595,301,43729970,309,311,299,766
44594,313,36635990,309,315,308,767
44593,308,40950400,310,310,305,768
44592,310,46444540,308,312,306,769
44589,308,49743700,300,308,294,770
44588,299,53481320,302,307,297,771
44587,296,90428850,307,308,293,772
44586,288,72848640,291,294,285,773
44585,296,86035390,292,297,276,774
44582,296,57984400,302,304,295,775
44581,301,35380680,309,311,301,776
44580,303,45933860,306,313,302,777
44579,302,42434110,304,309,301,778
44575,310,39846410,304,310,303,779
44574,304,45365980,320,320,304,780
44573,318,34372220,319,323,317,781
44572,314,29386770,313,316,309,782
44571,314,44289470,309,314,304,783
44568,314,32720020,314,316,310,784
44567,313,39646150,313,318,311,785
44566,316,40054330,325,326,315,786
44565,329,32674310,334,335,326,787
44564,334,28918010,335,338,329,788
44561,336,18000800,338,339,335,789
44560,339,15994470,341,343,338,790
44559,341,15041960,341,344,339,791
44558,341,15661470,343,343,340,792
44557,342,19947030,335,342,335,793
44553,334,19617850,332,336,332,794
44552,333,24831490,328,333,325,795
44551,327,24740600,323,327,319,796
44550,319,28326530,320,322,317,797
44547,323,47983710,320,324,317,798
44546,324,35034830,335,336,323,799
44545,334,35381120,328,335,324,800
44544,328,44438700,333,334,324,801
44543,339,28899430,340,343,339,802
44540,342,38095690,334,343,334,803
44539,333,22214160,334,336,332,804
44538,334,24760990,335,335,330,805
44537,334,31021940,331,335,330,806
44536,326,30032560,323,327,319,807
44533,323,41779280,331,332,318,808
44532,329,30765980,330,333,327,809
44531,330,33401150,335,339,329,810
44530,330,42885610,335,337,328,811
44529,336,28563480,334,339,334,812
44526,329,24217240,334,337,328,813
44524,337,21661310,336,338,333,814
44523,337,30427560,337,339,333,815
44522,339,31031110,344,349,339,816
44519,343,21963400,342,345,342,817
44518,341,22463530,338,342,337,818
44517,339,19053380,338,342,338,819
44516,339,20886830,335,340,335,820
44515,336,16723010,337,337,334,821
44512,336,23831050,333,337,333,822
44511,332,16849840,331,333,330,823
44510,330,25500940,334,334,329,824
44509,335,21307370,337,338,334,825
44508,336,20897000,337,337,334,826
44505,336,22570100,338,338,334,827
44504,336,23992200,332,336,329,828
44503,334,21500080,333,334,330,829
44502,333,26487110,330,333,330,830
44501,329,27073180,331,331,326,831
44498,331,34765980,324,332,323,832
44497,324,26297940,324,324,321,833
44496,323,52588690,316,326,316,834
44495,310,28107350,311,312,308,835
44494,308,17554470,309,309,306,836
44491,309,17449330,310,311,307,837
44490,310,16918100,307,311,306,838
44489,307,16537070,309,309,306,839
44488,308,17682140,308,309,307,840
44487,307,22729300,303,308,302,841
44484,304,25384800,302,304,300,842
44483,302,27262900,299,303,297,843
44482,296,23424030,294,297,293,844
44481,292,17974140,295,295,292,845
44480,294,19298630,292,297,292,846
44477,294,17685700,296,296,293,847
44476,294,20430470,295,296,293,848
44475,293,28002560,285,293,285,849
44474,288,24993020,284,290,284,850
44473,283,31350750,287,287,280,851
44470,289,30086280,282,289,281,852
44469,281,32343640,285,287,281,853
44468,284,26353700,285,286,283,854
44467,283,43186240,289,290,282,855
44466,294,23571740,296,296,292,856
44463,299,14998980,298,299,296,857
44462,299,18604600,298,300,297,858
44461,298,26626340,296,300,294,859
44460,294,22364100,295,297,294,860
44459,294,38278660,296,298,289,861
44456,299,41372460,304,304,299,862
44455,305,19550820,303,305,300,863
44454,304,28356300,303,305,301,864
44453,299,21853430,299,301,298,865
44452,296,23652950,297,298,294,866
44449,295,19633360,298,299,295,867
44448,297,19927000,300,302,297,868
44447,300,15046820,299,300,297,869
44446,300,17184080,301,301,298,870
44442,301,14751610,300,302,300,871
44441,301,16290550,302,303,300,872
44440,301,18983830,302,305,301,873
44439,301,26285340,304,304,301,874
44438,303,16348070,301,304,301,875
44435,299,22605730,298,300,296,876
44434,299,17666080,300,302,298,877
44433,302,20006060,304,304,300,878
44432,302,18175770,305,305,302,879
44431,304,22830160,303,305,301,880
44428,304,40817650,299,305,298,881
44427,296,29850460,288,297,288,882
44426,290,21812990,292,294,290,883
44425,293,20075250,292,293,291,884
44424,294,22516030,293,294,290,885
44421,292,18249050,289,292,289,886
44420,289,14570390,286,289,286,887
44419,286,13955930,287,288,285,888
44418,286,18616580,288,289,285,889
44417,288,16117630,289,291,287,890
44414,289,16589340,288,289,287,891
44413,289,13900170,286,289,286,892
44412,286,16191300,286,287,284,893
44411,287,17879050,285,287,284,894
44410,284,16267360,286,286,283,895
44407,284,20944850,285,286,283,896
44406,286,18168290,286,288,286,897
44405,286,33566850,288,290,283,898
44404,286,33604070,289,289,282,899
44403,289,23176070,289,289,286,900
44400,289,22768070,287,289,286,901
44399,286,23384060,283,286,283,902
44398,281,24364320,278,281,277,903
44397,279,26259740,278,280,276,904
44396,277,32935630,278,280,274,905
44393,280,26186850,282,284,279,906
44392,281,22604230,282,282,279,907
44391,282,23113660,282,283,280,908
44390,280,26120130,277,282,277,909
44389,277,18931700,279,279,276,910
44386,277,23916670,275,278,275,911
44385,277,24618590,276,278,274,912
44384,279,23260030,279,280,277,913
44383,277,31565560,278,279,274,914
44379,277,26474410,272,278,272,915
44378,271,16725320,269,271,269,916
44377,270,21656460,270,271,269,917
44376,271,19937810,268,271,267,918
44375,268,19590020,266,268,265,919
44372,265,25611110,266,267,264,920
44371,266,21446870,266,267,265,921
44370,265,19518680,265,266,264,922
44369,265,24694090,262,265,262,923
44368,262,26696120,259,263,257,924
44365,259,37202220,259,262,258,925
44364,260,27565540,256,261,256,926
44363,257,27219960,259,260,254,927
44362,258,18038930,259,259,257,928
44361,259,19150510,257,259,256,929
44358,257,18999730,257,258,256,930
44357,257,24563620,254,257,253,931
44356,253,17937630,253,255,253,932
44355,252,22455000,255,256,252,933
44354,253,23079170,249,254,249,934
44351,250,25281090,247,251,247,935
44350,245,25307710,245,246,243,936
44349,247,19406710,248,249,245,937
44348,247,23213310,251,251,246,938
44344,249,18274940,251,252,249,939
44343,249,24426240,251,251,249,940
44342,251,17771600,251,252,250,941
44341,251,17704300,251,252,250,942
44340,250,21411550,247,251,247,943
44337,245,21863060,247,248,244,944
44336,246,21800720,243,247,243,945
44335,243,25739810,239,243,238,946
44334,243,20167980,246,246,242,947
44333,245,24938180,246,246,243,948
44330,248,23901080,245,249,245,949
44329,243,29624300,241,245,241,950
44328,239,36684370,242,244,238,951
44327,246,33641590,244,246,242,952
44326,247,29299890,250,251,247,953
44323,252,27032910,252,254,251,954
44322,249,26491090,246,249,244,955
44321,246,21901330,249,249,245,956
44320,247,32756050,250,251,245,957
44319,251,19626570,253,254,251,958
44316,252,30945100,249,253,249,959
44315,252,40589020,255,256,249,960
44314,254,46903120,256,256,252,961
44313,261,31014210,261,263,260,962
44312,261,19763350,261,262,260,963
44309,261,21499290,257,261,257,964
44308,257,25606150,260,261,255,965
44307,260,24030380,258,260,257,966
44306,258,19722880,257,260,256,967
44305,258,23209260,260,261,257,968
44302,260,24878580,259,261,257,969
44301,259,25627480,257,259,257,970
44300,255,23070940,257,258,255,971
44299,258,23837470,257,259,256,972
44298,255,27148670,254,257,254,973
44295,255,24326830,252,255,252,974
44294,253,23625200,252,254,252,975
44293,249,22719840,247,250,247,976
44292,247,22931920,247,249,246,977
44291,249,36910610,242,249,242,978
44287,242,30337980,238,242,238,979
44286,235,43623470,232,239,232,980
44285,231,24792010,233,233,231,981
44284,235,25227460,236,236,231,982
44281,236,25479850,231,236,231,983
44280,232,34061850,235,236,231,984
44279,235,25620130,237,238,235,985
44278,237,31638380,237,241,237,986
44277,235,30127010,230,236,230,987
44274,230,46430730,231,232,229,988
44273,230,34852250,232,234,230,989
44272,237,29562100,236,238,233,990
44271,237,28092200,236,240,235,991
44270,234,26042670,234,235,231,992
44267,235,22653660,234,235,233,993
44266,237,29907590,234,239,234,994
44265,232,29746810,237,237,232,995
44264,233,33080530,232,235,231,996
44263,227,35267440,231,233,227,997
44260,231,41872770,229,233,226,998
44259,226,44727790,226,232,224,999
44258,227,34029530,232,233,227,1000
44257,233,22812460,237,237,233,1001
44256,236,25332840,235,237,233,1002
44253,232,37819230,231,235,229,1003
44252,228,39542240,232,234,227,1004
44251,234,26339750,230,235,229,1005
44250,233,30228700,230,234,228,1006
44249,234,36446940,237,237,232,1007
44246,240,25262600,243,243,240,1008
44245,243,16925560,241,243,240,1009
44244,244,21673110,241,244,240,1010
44243,243,26728490,245,246,242,1011
44239,244,16561080,243,245,242,1012
44238,244,15751060,244,245,242,1013
44237,242,22186710,245,245,240,1014
44236,243,23564950,241,244,241,1015
44235,242,22211930,243,243,240,1016
44232,242,18054750,242,243,240,1017
44231,242,25296100,242,243,240,1018
44230,243,27158100,239,245,239,1019
44229,239,25916340,241,242,238,1020
44228,239,33314190,235,242,232,1021
44225,231,42503140,235,238,231,1022
44224,238,49111160,235,242,235,1023
44223,232,69870640,238,240,230,1024
44222,232,49169600,231,234,230,1025
44221,229,33152100,229,229,224,1026
44218,225,30172660,227,230,225,1027
44217,224,30749550,224,226,222,1028
44216,224,37777260,217,225,217,1029
44215,216,30480860,213,216,212,1030
44211,212,31746510,213,214,212,1031
44210,213,29346740,215,217,212,1032
44209,216,20087080,214,216,213,1033
44208,214,23249340,216,217,213,1034
44207,217,23047030,218,218,216,1035
44204,219,22956210,218,220,217,1036
44203,218,27694480,214,219,213,1037
44202,212,35930650,212,216,211,1038
44201,217,23822950,217,218,215,1039
44200,217,37130140,222,223,214,1040
44196,222,20942130,221,223,219,1041
44195,221,20272340,225,225,221,1042
44194,224,17403210,226,227,223,1043
44193,224,17933500,224,226,223,1044
44189,222,10550570,221,223,221,1045
44188,221,18699640,223,223,220,1046
44187,223,22643400,222,225,221,1047
44186,222,37181890,217,224,217,1048
44183,218,63354920,218,219,216,1049
44182,219,32515780,219,220,217,1050
44181,219,35023250,214,220,214,1051
44180,214,27018110,215,215,212,1052
44179,214,28798380,213,216,212,1053
44176,213,30979440,210,213,209,1054
44175,210,26467020,211,213,210,1055
44174,211,32440600,215,215,211,1056
44173,216,23284090,213,216,212,1057
44172,214,24620000,214,215,212,1058
44169,214,24666040,214,215,213,1059
44168,214,25120920,214,216,213,1060
44167,215,23724510,214,215,212,1061
44166,216,30931320,214,217,213,1062
44165,214,33064750,214,214,210,1063
44162,215,14512210,214,216,214,1064
44160,213,21012890,215,215,212,1065
44159,213,33979730,209,214,208,1066
44158,210,25683510,210,212,208,1067
44155,210,22843120,212,213,210,1068
44154,212,24792750,211,213,209,1069
44153,211,28372790,213,215,210,1070
44152,214,24154110,216,217,214,1071
44151,217,24953340,214,217,214,1072
44148,216,18630310,216,217,214,1073
44147,215,21616120,217,219,214,1074
44146,216,29440790,212,218,212,1075
44145,211,44045120,214,216,209,1076
44144,218,44394950,224,228,217,1077
44141,223,25231900,222,224,218,1078
44140,223,36080140,222,224,221,1079
44139,216,42311780,214,218,212,1080
44138,206,27512030,203,208,203,1081
44137,202,30842160,204,205,200,1082
44134,202,36980110,203,204,199,1083
44133,204,31432560,204,207,203,1084
44132,202,51195590,207,208,202,1085
44131,213,36700330,211,214,210,1086
44130,210,37111560,213,216,208,1087
44127,216,18879610,215,216,213,1088
44126,214,22351450,213,216,211,1089
44125,214,22724910,213,216,213,1090
44124,214,22753510,215,217,213,1091
44123,214,27625840,220,222,213,1092
44120,219,26057880,220,222,219,1093
44119,219,22733060,217,220,216,1094
44118,220,23451710,223,224,219,1095
44117,222,28950840,222,225,220,1096
44116,221,40461370,218,223,216,1097
44113,215,26458050,211,215,211,1098
44112,210,19925840,210,211,208,1099
44111,209,25681050,207,210,206,1100
44110,205,28554260,208,210,204,1101
44109,210,21331560,207,210,206,1102
44106,206,33154780,208,210,205,1103
44105,212,27158420,213,213,211,1104
44104,210,33829090,207,211,206,1105
44103,207,24464470,209,210,206,1106
44102,209,32004940,210,212,208,1107
44099,207,29437310,203,209,202,1108
44098,203,31202490,199,205,199,1109
44097,200,30803780,207,208,200,1110
44096,207,33517070,205,208,202,1111
44095,202,39839660,197,202,196,1112
44092,200,55225330,202,203,196,1113
44091,202,34011260,200,204,199,1114
44090,205,26372460,210,210,204,1115
44089,208,21823940,208,209,206,1116
44088,205,30375770,204,209,204,1117
44085,204,33620070,207,208,201,1118
44084,205,35461510,213,214,204,1119
44083,211,45678990,207,214,206,1120
44082,202,52924330,206,210,202,1121
44078,214,59664070,215,218,205,1122
44077,217,58400290,229,229,214,1123
44076,231,34080840,227,232,227,1124
44075,227,25791240,225,227,224,1125
44074,225,28774160,227,228,224,1126
44071,228,26292900,228,230,226,1127
44070,226,57602200,222,231,219,1128
44069,221,39600830,217,222,217,1129
44068,216,23043700,213,216,213,1130
44067,213,25460150,214,215,212,1131
44064,213,36249320,213,216,212,1132
44063,214,26981480,209,215,208,1133
44062,209,27627560,211,212,209,1134
44061,211,21336170,210,212,209,1135
44060,210,20184760,209,211,208,1136
44057,208,17958940,208,209,207,1137
44056,208,22588870,209,211,208,1138
44055,209,28041360,205,210,204,1139
44054,203,36446460,207,207,203,1140
44053,208,36716460,211,211,206,1141
44050,212,27820420,214,215,210,1142
44049,216,32656840,212,216,211,1143
44048,212,28858620,214,215,211,1144
44047,213,49280060,214,214,210,1145
44046,216,78983010,211,217,210,1146
44043,205,51247970,204,205,199,1147
44042,203,25079600,201,204,199,1148
44041,204,19632600,202,204,202,1149
44040,202,23251390,203,204,201,1150
44039,203,30160870,201,203,200,1151
44036,201,39826990,200,202,197,1152
44035,202,67457040,207,210,202,1153
44034,211,49605690,209,212,208,1154
44033,208,38105780,213,213,208,1155
44032,211,36884840,205,212,203,1156
44029,202,31635280,204,205,201,1157
44028,203,29940650,205,205,202,1158
44027,208,32179410,209,211,205,1159
44026,208,37591820,206,208,202,1160
44025,207,38135610,214,215,206,1161
44022,213,26177630,213,214,211,1162
44021,214,33121680,216,216,211,1163
44020,212,33600030,210,213,208,1164
44019,208,33600730,210,214,207,1165
44018,210,31897630,208,211,208,1166
44014,206,29315760,205,208,205,1167
44013,204,32061210,203,206,201,1168
44012,203,34310280,197,204,197,1169
44011,198,26701590,195,198,193,1170
44008,196,54675780,199,199,194,1171
44007,200,27803930,197,200,195,1172
44006,197,36740650,201,203,196,1173
44005,201,30917450,202,203,201,1174
44004,200,32818930,195,200,195,1175
44001,195,44441140,198,199,194,1176
44000,196,23061650,194,196,194,1177
43999,194,25687820,195,196,193,1178
43998,193,42556660,192,195,191,1179
43997,188,32770190,184,190,184,1180
43994,187,43373590,190,191,185,1181
43993,186,52854670,193,195,186,1182
43992,196,43872330,191,198,191,1183
43991,189,29783920,188,190,187,1184
43990,188,33211590,185,188,184,1185
43987,187,39893640,182,187,182,1186
43986,182,28761810,184,185,182,1187
43985,185,27311020,184,185,183,1188
43984,184,30794590,184,185,181,1189
43983,182,22668820,182,183,181,1190
43980,183,42146720,182,184,180,1191
43979,181,33831820,180,184,180,1192
43978,181,39517150,180,181,176,1193
43977,181,36073610,186,186,181,1194
43973,183,20826900,183,184,182,1195
43972,183,29119510,185,186,183,1196
43971,185,31261330,184,185,183,1197
43970,183,26799120,185,186,183,1198
43969,184,35306620,185,186,183,1199
43966,183,46610380,179,187,177,1200
43965,180,41873910,177,180,175,1201
43964,179,44711490,182,184,176,1202
43963,182,32038200,186,187,182,1203
43962,186,30892660,183,187,182,1204
43959,184,30912640,184,185,183,1205
43958,183,28315990,184,184,182,1206
43957,182,32139300,182,184,181,1207
43956,180,36839170,180,183,179,1208
43955,178,30372860,174,179,173,1209
43952,174,39370470,175,178,174,1210
43951,179,53875860,180,180,176,1211
43950,177,51286560,173,177,171,1212
43949,169,34392690,175,175,169,1213
43948,174,33194380,176,176,173,1214
43945,174,34305320,172,174,170,1215
43944,171,32790800,174,175,170,1216
43943,173,34651600,171,174,170,1217
43942,167,56203750,173,173,166,1218
43941,175,36669560,176,178,174,1219
43938,178,52765630,179,180,175,1220
43937,177,50479610,174,177,172,1221
43936,171,40940830,171,173,169,1222
43935,173,52874340,169,173,168,1223
43934,165,41905260,164,165,162,1224
43930,165,51431780,166,167,163,1225
43929,165,48318230,165,166,163,1226
43928,163,62769040,169,170,163,1227
43927,165,67111700,160,166,157,1228
43924,153,41243280,155,157,152,1229
43923,155,49630740,151,155,150,1230
43922,152,57969930,153,157,150,1231
43921,157,77927190,159,164,156,1232
43920,160,63420330,152,160,150,1233
43917,149,57042290,151,154,149,1234
43916,156,64694430,148,156,148,1235
43915,146,75638220,148,154,144,1236
43914,148,82516730,143,149,141,1237
43913,135,78975180,137,140,132,1238
43910,137,84866220,146,147,135,1239
43909,142,85922660,142,150,139,1240
43908,140,81593170,138,146,135,1241
43907,146,81059820,140,147,135,1242
43906,135,87905870,140,149,135,1243
43903,158,92727450,147,161,140,1244
43902,139,93226370,145,153,138,1245
43901,153,56504300,157,157,151,1246
43900,160,65354390,158,161,152,1247
43899,150,70419270,151,157,150,1248
43896,161,72821060,162,163,156,1249
43895,166,47817250,166,170,165,1250
43894,170,49814380,168,170,165,1251
43893,164,71677020,173,175,162,1252
43892,172,71030810,165,172,162,1253
43889,162,97073560,152,163,152,1254
43888,158,93174910,163,167,157,1255
43887,170,56387150,169,173,168,1256
43886,168,68073300,174,174,167,1257
43885,170,68311070,167,174,163,1258